Id,Height,width,depth
1,175.77777777777777,652.7777777777778,3.657096015082465
2,66.0,149.44444444444446,1.8782169257269965
3,30.555555555555557,105.77777777777777,1.6551311408148872
5,37.0,176.5,0.7635209274291992
6,61.0,358.0,6.99250244140625
7,22.0,79.0,1.7733731079101562
